{
  "best_val_loss": 1.14986650440116,
  "best_epoch": 9,
  "last_epoch": 20,
  "last_metrics": {
    "epoch": 20,
    "train_loss": 0.2101397062120088,
    "train_kl": 0.07733819191978693,
    "train_latent_ce": 0.13280151422469347,
    "train_recon_ce": 0.8804513980675491,
    "train_latent_acc_top1": 0.9560414269275028,
    "train_latent_acc_top5": 0.998610882788098,
    "train_recon_acc_top1": 0.8387966463915831,
    "train_recon_acc_top5": 0.9466025535645789,
    "train_num_samples": 364980,
    "val_loss": 1.361843292946734,
    "val_kl": 0.3425005121610468,
    "val_latent_ce": 1.0193427807009705,
    "val_recon_ce": 1.1489520134803952,
    "val_latent_acc_top1": 0.8425267665952891,
    "val_latent_acc_top5": 0.9389293361884369,
    "val_recon_acc_top1": 0.8066381156316916,
    "val_recon_acc_top5": 0.9219700214132762,
    "val_num_samples": 23350
  },
  "train_dataset": {
    "samples": 364980,
    "total_positions": 364980,
    "skipped_oov_count": 0,
    "oov_rate": 0.0
  },
  "val_dataset": {
    "samples": 23350,
    "total_positions": 23591,
    "skipped_oov_count": 241,
    "oov_rate": 0.010215760247552032
  },
  "config": {
    "train_logits_dir": "data\\logits\\ae_train",
    "val_logits_dir": "data\\logits\\ae_val",
    "token_list_json": "outputs\\gsm_token_list_all_text_rebuilt_4000\\gsm_token_list.json",
    "output_dir": "outputs\\tokenlist_ae_all_text_rebuilt_4000",
    "batch_size": 64,
    "epochs": 20,
    "lr": 0.0001,
    "weight_decay": 1e-05,
    "hidden_dim": 1024,
    "dropout": 0.1,
    "temperature": 1.0,
    "lambda_kl": 1.0,
    "lambda_latent_ce": 1.0,
    "lambda_recon_ce": 0.0,
    "num_workers": 0,
    "device": "cuda",
    "seed": 42,
    "k": 9839,
    "logits_dtype": "float16"
  },
  "checkpoint": "outputs\\tokenlist_ae_all_text_rebuilt_4000\\best_tokenlist_ae.pt"
}
